ImageNumber,ObjectNumber,Metadata_FileLocation,Metadata_Frame,Metadata_Left,Metadata_Media,Metadata_Rep,Metadata_Right,Metadata_Series,AreaShape_Area,AreaShape_Center_X,AreaShape_Center_Y,AreaShape_Compactness,AreaShape_Eccentricity,AreaShape_EulerNumber,AreaShape_Extent,AreaShape_FormFactor,AreaShape_MajorAxisLength,AreaShape_MaxFeretDiameter,AreaShape_MaximumRadius,AreaShape_MeanRadius,AreaShape_MedianRadius,AreaShape_MinFeretDiameter,AreaShape_MinorAxisLength,AreaShape_Orientation,AreaShape_Perimeter,AreaShape_Solidity,Classify_Big,Classify_Biggest,Classify_Medium,Classify_Small,Classify_Smallest,Location_Center_X,Location_Center_Y,Number_Object_Number,Parent_Colonies
1,1,file:///C:/Users/mb3ad/Desktop/Harrison/self/benzo_hi-none_0000.jpg,0,hi,benzo,0,none,0,2688,102.0,67.0,1.0048354235214876,0.27465425030075596,1.0,0.79928635147190008,0.89833581734560375,59.728741534713329,60.21627686929839,27.459060435491963,9.8407675384761788,8.9442719099991592,56.0,57.431756487731526,-83.141146292492024,193.90999999999971,0.97426603841971726,0,0,0,0,0,102.03608630952381,67.462425595238102,1,1
2,1,file:///C:/Users/mb3ad/Desktop/Harrison/self/benzo_hi-none_0001.jpg,0,hi,benzo,0,none,0,2889,114.0,71.0,1.0248528089240052,0.5664192600671929,1.0,0.79586776859504127,0.88325700426235432,66.943785613171443,65.513357416636794,26.683328128252668,10.000437820545065,8.9442719099991592,54.0,55.169527694949878,4.8734609216352274,202.73799999999966,0.97272727272727244,0,0,0,0,0,109.75666320526133,70.033575631706469,1,1
3,1,file:///C:/Users/mb3ad/Desktop/Harrison/self/benzo_hi-none_0002.jpg,0,hi,benzo,0,none,0,2671,108.0,75.0,1.0197520850169435,0.53381888155580681,1.0,0.73097974822112755,0.89772122440454394,63.537445442243161,63.324560795950255,26.40075756488817,9.6724271386478051,8.5440037453175304,52.32590180780452,53.727190293459884,-28.091263287852446,193.36199999999963,0.97375136711629606,0,0,0,0,0,109.62074129539498,74.246724073380761,1,1
4,1,file:///C:/Users/mb3ad/Desktop/Harrison/self/benzo_hi-none_0003.jpg,0,hi,benzo,0,none,0,3007,102.0,74.0,1.0042266981005317,0.39175042252089171,1.0,0.77023565573770492,0.90540017023876607,64.469328064229515,64.884512790033341,29.154759474226502,10.434119282037139,9.2195444572928871,58.798220799874287,59.316392824478719,20.560230600895821,204.29199999999963,0.97298171816858114,0,0,0,0,0,102.51180578649817,74.464915197871633,1,1
5,1,file:///C:/Users/mb3ad/Desktop/Harrison/self/benzo_hi-none_0004.jpg,0,hi,benzo,0,none,0,2528,103.0,71.0,1.0037526992356338,0.38570834921934505,1.0,0.77904468412942984,0.89736526597702171,59.031151807362001,59.464274989274024,26.92582403567252,9.604438375992693,8.4852813742385695,54.0,54.463366226065034,-18.775770298411931,188.15199999999973,0.97249471052125414,0,0,0,0,0,102.3631329113924,71.071202531645568,1,1
6,1,file:///C:/Users/mb3ad/Desktop/Harrison/self/benzo_hi-none_0005.jpg,0,hi,benzo,0,none,0,2391,103.0,71.0,1.0207512626850268,0.56041746585726471,1.0,0.77629870129870127,0.88833904574023848,60.666751542109935,61.073725938409879,25.079872407968907,9.2075137617541269,8.0622577482985491,50.131777566242548,50.244827137240705,43.904746745052236,183.90999999999974,0.97155627793579813,0,0,0,0,0,103.89669594312004,70.513174404015061,1,1
7,1,file:///C:/Users/mb3ad/Desktop/Harrison/self/benzo_hp-none_0000.jpg,0,hp,benzo,0,none,0,2390,108.0,58.0,1.0130168500868573,0.42008538376958793,1.0,0.75015693659761451,0.88331212943659909,58.100175328848991,58.694122363316758,25.45584412271571,9.1345085712543259,8.0622577482985491,50.982349886995202,52.725013443285448,14.335968627269446,184.39399999999978,0.96996753246753242,0,0,0,0,0,108.41464435146443,58.012970711297072,1,1
8,1,file:///C:/Users/mb3ad/Desktop/Harrison/self/benzo_hp-none_0001.jpg,0,hp,benzo,0,none,0,2438,100.0,74.0,1.0082616988617625,0.42760001976505102,1.0,0.75061576354679804,0.88739044456466043,58.644573857865694,58.523499553598128,25.495097567963924,9.3568788824872033,8.2462112512353212,51.96407129818018,53.012820673622556,-45.719898836225546,185.80799999999971,0.97189555511261694,0,0,0,0,0,100.23174733388024,74.874487284659551,1,1
9,1,file:///C:/Users/mb3ad/Desktop/Harrison/self/benzo_hp-none_0002.jpg,0,hp,benzo,0,none,0,2064,103.0,71.0,1.0027190826476327,0.32646909826853626,1.0,0.79354094579008072,0.89734697727169999,52.724064247155816,53.009433122794285,24.413111231467404,8.7405561940347809,7.6157731058639087,49.115249081193639,49.835200753901262,41.267432735360323,170.01199999999989,0.97381457891012035,0,0,0,0,0,103.29602713178295,72.059108527131784,1,1
10,1,file:///C:/Users/mb3ad/Desktop/Harrison/self/benzo_hp-none_0003.jpg,0,hp,benzo,0,none,0,3106,89.0,73.0,1.0734937318275224,0.63069938372822298,1.0,0.67229437229437228,0.71672250094653867,72.719679034369179,69.892775020026207,23.706539182259394,8.9729954319891938,8.0622577482985491,60.166180124462201,56.432452289957325,29.331091161313545,233.3619999999996,0.91272406699970599,0,0,0,0,0,98.876046361880228,76.149388280746948,1,1
11,1,file:///C:/Users/mb3ad/Desktop/Harrison/self/benzo_hp-none_0004.jpg,0,hp,benzo,0,none,0,1941,89.0,76.0,1.0045037618352124,0.39931453962881797,1.0,0.77671068427370948,0.90407298137545977,51.907070371336978,52.201532544552748,23.259406699226016,8.4435466154221182,7.6157731058639087,46.957427527495582,47.58912847133908,31.512673636063926,164.25399999999991,0.97050000000000003,0,0,0,0,0,89.085522926326632,75.19268418341062,1,1
12,1,file:///C:/Users/mb3ad/Desktop/Harrison/self/benzo_hp-none_0005.jpg,0,hp,benzo,0,none,0,1813,110.0,72.0,1.0097799968071011,0.47931716909179356,1.0,0.78689236111111116,0.90575816027325495,51.289842420806735,51.400389103585589,22.472205054244231,8.1541105043154527,7.0710678118654755,44.547727214752491,45.014107353691486,-43.850685400536712,158.59799999999993,0.97003745318352086,0,0,0,0,0,110.18587975730833,72.151682294539441,1,1
13,1,file:///C:/Users/mb3ad/Desktop/Harrison/self/benzo_p1-none_0000.jpg,0,p1,benzo,0,none,0,5588,101.0,70.0,1.0032109718587929,0.34219703294198417,1.0,0.78285233959092182,0.88678446271333122,86.952603509713015,87.206651122491792,39.849717690342551,14.141639988298037,12.529964086141668,80.176318154942493,81.703120005845975,-68.002220655254476,281.39999999999941,0.97974927675988432,0,0,0,0,0,100.38439513242663,69.303328561202576,1,1
14,1,file:///C:/Users/mb3ad/Desktop/Harrison/self/benzo_p1-none_0001.jpg,0,p1,benzo,0,none,0,6936,100.0,71.0,1.0016285167872998,0.27384043914682443,1.0,0.7688726305287662,0.88059031174608438,95.722417906443766,96.74709297958259,45.0,15.72683399079588,13.928388277184119,91.826848487208707,92.06344158282883,2.0886033659015424,314.60999999999927,0.97945350561321776,0,0,0,0,0,100.06271626297578,70.258217993079583,1,1
15,1,file:///C:/Users/mb3ad/Desktop/Harrison/self/benzo_p1-none_0002.jpg,0,p1,benzo,0,none,0,9797,93.0,72.0,1.0015474874489219,0.31072213724603198,1.0,0.7881737731295253,0.90016512591891706,114.38369527877825,114.93476410555685,53.851648071345039,18.710427895637807,16.492422502470642,108.24012439156695,108.72179282395429,14.487820001379657,369.81999999999908,0.98393090288239426,0,0,0,0,0,95.132693681739312,72.553128508727156,1,1
16,1,file:///C:/Users/mb3ad/Desktop/Harrison/self/benzo_p1-none_0003.jpg,0,p1,benzo,0,none,0,10318,95.0,74.0,1.0017671947269733,0.23791640673052772,1.0,0.77357924726345784,0.88218582496611619,116.18333928955047,117.5457357797381,55.226805085936306,19.143329356560152,16.970562748477139,112.25061247048944,112.84720839759392,74.60540906461776,383.37399999999894,0.98346280322165558,0,0,0,0,0,94.481294824578413,74.112134134522194,1,1
17,1,file:///C:/Users/mb3ad/Desktop/Harrison/self/benzo_p1-none_0004.jpg,0,p1,benzo,0,none,0,7079,101.0,69.0,1.0023641049957863,0.26640285309425582,1.0,0.76820401519262071,0.88742676056340108,96.637813371728598,98.086696345630884,46.227697325304881,15.892131252346804,14.0,92.662656987591291,93.145494256259198,-73.052618535147772,316.60999999999927,0.97958901266173104,0,0,0,0,0,100.23393134623534,69.862127419126992,1,1
18,1,file:///C:/Users/mb3ad/Desktop/Harrison/self/benzo_p1-none_0005.jpg,0,p1,benzo,0,none,0,5823,111.0,85.0,1.0030564692892092,0.25786648785259197,1.0,0.81554621848739495,0.89555531474631089,87.584187252730473,89.643739324059879,41.231056256176608,14.413302636761914,12.727922061357855,82.789072085951005,84.622139083391701,28.33781141935069,285.84599999999949,0.98079838302172817,0,0,0,0,0,112.24832560535806,85.955349476215005,1,1
19,1,file:///C:/Users/mb3ad/Desktop/Harrison/self/benzo_p14-none_0000.jpg,0,p14,benzo,0,none,0,4919,99.0,61.0,1.0026469292135738,0.29155563300422999,1.0,0.77832278481012662,0.88631755523277578,80.878490200569274,81.688432473637292,37.8549864614954,13.290677372222364,11.704699910719626,76.405396506952414,77.364633082311343,48.140847165631165,264.08799999999945,0.97861334924898036,0,0,0,0,0,99.942671274649314,60.883106322423259,1,1
20,1,file:///C:/Users/mb3ad/Desktop/Harrison/self/benzo_p14-none_0001.jpg,0,p14,benzo,0,none,0,5324,116.0,69.0,1.0051839141708065,0.35525670608615156,1.0,0.76428366350846966,0.88966051945752256,85.165652490394834,86.353922898731128,38.832975677895199,13.755675108698082,12.083045973594572,79.597285089984538,79.610193109064284,70.197486605412834,274.22799999999944,0.97858652697362392,0,0,0,0,0,115.71168294515402,68.30691209616829,1,1
21,1,file:///C:/Users/mb3ad/Desktop/Harrison/self/benzo_p14-none_0002.jpg,0,p14,benzo,0,none,0,9672,106.0,76.0,1.0218656821565255,0.55241753282941408,1.0,0.75840978593272168,0.86131892560339307,121.65819290932444,121.82774724995944,49.040799340956916,18.059971627283065,16.124515496597098,99.966125094096753,101.41032245832758,55.967220775634964,375.64799999999906,0.98078385641129628,0,0,0,0,0,103.97105045492142,69.536600496277913,1,1
22,1,file:///C:/Users/mb3ad/Desktop/Harrison/self/benzo_p14-none_0003.jpg,0,p14,benzo,0,none,0,5419,103.0,75.0,1.0013591866427336,0.2586406160713467,1.0,0.75896358543417364,0.87232076659838931,84.431985266200044,84.929382430346209,40.36087214122113,13.97541524981847,12.206555615733702,81.317279836452968,81.559070328237141,52.790914856636931,279.39999999999941,0.97595677622692445,0,0,0,0,0,102.75475179922495,74.386971766008486,1,1
23,1,file:///C:/Users/mb3ad/Desktop/Harrison/self/benzo_p14-none_0004.jpg,0,p14,benzo,0,none,0,4661,103.0,83.0,1.0032203395886214,0.28513990747751389,1.0,0.8069598337950139,0.89820697818654804,78.677993237127041,80.430093870391573,37.054014627297811,12.918376566232304,11.401754250991379,74.472741249326859,75.411747677885458,45.631352353447255,255.36199999999948,0.9788932059225034,0,0,0,0,0,102.03561467496246,82.245440892512335,1,1
24,1,file:///C:/Users/mb3ad/Desktop/Harrison/self/benzo_p14-none_0005.jpg,0,p14,benzo,0,none,0,5254,99.0,71.0,1.0057783957787261,0.37242526616924831,1.0,0.745565488860508,0.88775154273869283,84.913087091517198,86.884981440983225,38.327535793473601,13.599569407922585,12.041594578792296,76.920738425992766,78.804625227793466,5.568910870237108,272.71199999999931,0.97776123569368212,0,0,0,0,0,100.74076893795204,71.051579748762848,1,1
25,1,file:///C:/Users/mb3ad/Desktop/Harrison/self/benzo_s-none_0000.jpg,0,s,benzo,0,none,0,6496,99.0,68.0,1.0187936610734922,0.54445448882031799,1.0,0.76748582230623819,0.86912039953073839,99.315677509546447,100.12492197250393,39.698866482558415,14.818296485257632,13.152946437965905,83.173937805847601,83.305035353157194,49.949884994954921,306.4699999999994,0.97618153129461271,0,0,0,0,0,98.285714285714292,64.619150246305423,1,1
26,1,file:///C:/Users/mb3ad/Desktop/Harrison/self/benzo_s-none_0001.jpg,0,s,benzo,0,none,0,5280,115.0,70.0,1.0008431242459606,0.15009209166771989,1.0,0.78524687685901251,0.90239970065148345,82.381872455230678,82.855295545909442,39.698866482558415,13.814618538394315,12.083045973594572,80.954308100310513,81.448652288688933,27.225951384621638,271.15799999999939,0.98086568827791198,0,0,0,0,0,114.95056818181818,69.150757575757581,1,1
27,1,file:///C:/Users/mb3ad/Desktop/Harrison/self/benzo_s-none_0002.jpg,0,s,benzo,0,none,0,5442,100.0,74.0,1.0039769526221092,0.37967404938520127,1.0,0.79006968641114983,0.89559637572327067,86.46656231389332,87.458561616344909,39.698866482558415,13.97103116833471,12.206555615733702,80.033955058238575,79.991974252610177,55.091515175107816,276.32999999999936,0.97992257135140004,0,0,0,0,0,99.832047041528853,74.321021683204705,1,1
28,1,file:///C:/Users/mb3ad/Desktop/Harrison/self/benzo_s-none_0003.jpg,0,s,benzo,0,none,0,9425,104.0,68.0,1.0079053280283672,0.3420703226303724,1.0,0.75812419562419564,0.87427741502695955,113.15805938915665,115.24755962709145,49.396356140913873,17.846774945164555,15.811388300841896,105.94773747901876,106.33172652560739,40.131434111858411,368.06199999999899,0.97693703031873547,0,0,0,0,0,102.68763925729444,67.561273209549071,1,1
29,1,file:///C:/Users/mb3ad/Desktop/Harrison/self/benzo_s-none_0004.jpg,0,s,benzo,0,none,0,7136,103.0,65.0,1.0067958516419984,0.24922482927342299,1.0,0.80797101449275366,0.87128067399466502,97.017270769327524,99.809819156233317,44.407206622349037,15.658456914075529,13.928388277184119,90.801870234092917,93.955954225578978,-6.6826550434048109,320.81399999999934,0.97995056303213401,0,0,0,0,0,103.29610426008969,66.649243273542595,1,1
30,1,file:///C:/Users/mb3ad/Desktop/Harrison/self/benzo_s-none_0005.jpg,0,s,benzo,0,none,0,5268,102.0,80.0,1.0036088618804526,0.35647040148943332,1.0,0.7742504409171076,0.89874387501967756,84.670278163732789,84.118963379252364,38.587562763149478,13.711954089243358,12.041594578792296,77.103327275306853,79.108001074212538,20.059327958050588,271.39999999999941,0.97972847312627842,0,0,0,0,0,103.35459377372817,80.800873196659069,1,1
31,1,file:///C:/Users/mb3ad/Desktop/Harrison/self/cntrl_hi-hi_0000.jpg,0,hi,cntrl,0,hi,0,2881,176.0,41.0,1.0232729768271629,0.51816918843043147,1.0,0.81660997732426299,0.86486904675688125,65.782677555048679,64.884512790033341,26.248809496813376,9.9090251894073749,8.9442719099991592,54.203179015484096,56.262485926580403,14.318846971102916,204.59799999999967,0.97462787550744245,0,0,0,0,0,172.80006942034015,39.164873307879212,1,1
31,2,file:///C:/Users/mb3ad/Desktop/Harrison/self/cntrl_hi-hi_0000.jpg,0,hi,cntrl,0,hi,0,2618,23.0,92.0,1.0181436658106466,0.52564283142386403,1.0,0.80603448275862066,0.88467806754773592,62.697270012386824,63.126856408346519,25.612496949731394,10.140686020228664,9.4339811320566032,51.029940177512927,53.336903813148481,30.236706424414272,192.83999999999975,0.97595526561043799,0,0,0,0,0,27.775783040488921,93.49045072574485,2,2
32,1,file:///C:/Users/mb3ad/Desktop/Harrison/self/cntrl_hi-hi_0001.jpg,0,hi,cntrl,0,hi,0,2270,169.0,54.0,1.003092371921386,0.30721450681997386,1.0,0.77873070325900517,0.90122867571686227,55.120803929702383,55.569775957799216,25.495097567963924,9.0925385167560826,8.0311288741492746,51.753684916525742,52.455177988684362,86.842482598465736,177.90999999999985,0.97133076593923839,0,0,0,0,0,169.51762114537445,54.155947136563874,1,1
32,2,file:///C:/Users/mb3ad/Desktop/Harrison/self/cntrl_hi-hi_0001.jpg,0,hi,cntrl,0,hi,0,1781,27.0,93.0,1.0080064923344043,0.4586910215265555,1.0,0.80954545454545457,0.89522691777434638,50.516243682919836,50.009999000199947,22.0,8.1039884010159966,7.0710678118654755,43.0,44.88852341789093,82.689519882292046,158.11399999999992,0.97163120567375894,0,0,0,0,0,26.556428972487367,93.275687815833805,2,2
33,1,file:///C:/Users/mb3ad/Desktop/Harrison/self/cntrl_hi-hi_0002.jpg,0,hi,cntrl,0,hi,0,2707,177.0,73.0,1.122528359923413,0.78190060091307712,1.0,0.77809715435469962,0.82481254211164701,74.57263768223423,72.124891681027847,22.022715545545239,9.0004906394321615,8.0622577482985491,45.936022486993821,46.48881501364616,78.183654608514374,203.08199999999971,0.95907883082373813,0,0,0,0,0,174.8681196896934,60.855929072774288,1,1
33,2,file:///C:/Users/mb3ad/Desktop/Harrison/self/cntrl_hi-hi_0002.jpg,0,hi,cntrl,0,hi,0,2435,41.0,98.0,1.0049561087990988,0.40215204737840515,1.0,0.7767145135566188,0.9080804806617766,58.175556808011422,57.9396237474839,26.172504656604801,9.4423828207850669,8.4852813742385695,52.942905280237454,53.263963115241694,-40.284266786119602,183.56599999999975,0.97380523895220961,0,0,0,0,0,41.175770020533882,98.535934291581114,2,2
34,1,file:///C:/Users/mb3ad/Desktop/Harrison/self/cntrl_hi-hi_0003.jpg,0,hi,cntrl,0,hi,0,3000,163.0,42.0,1.0084113531167525,0.4513641948737695,1.0,0.78064012490241996,0.87998314433287717,65.42465665353609,66.068146636635717,29.0,10.358903385419556,9.0553851381374173,58.185908947098177,58.381026680079671,33.052677329177236,206.97999999999968,0.97228974234321841,0,0,0,0,0,161.41333333333333,40.600999999999999,1,1
34,2,file:///C:/Users/mb3ad/Desktop/Harrison/self/cntrl_hi-hi_0003.jpg,0,hi,cntrl,0,hi,0,3097,37.0,106.0,1.0113369027085508,0.48191256090335394,1.0,0.7932889344262295,0.89407216408954937,67.103142826203609,67.742158217759794,29.529646120466801,10.500829502421515,9.2195444572928871,59.396969619669989,58.797069675511459,33.189691155377254,208.6359999999996,0.97558670656796342,0,0,0,0,0,34.923474329996772,104.92024539877301,2,2
35,1,file:///C:/Users/mb3ad/Desktop/Harrison/self/cntrl_hi-hi_0004.jpg,0,hi,cntrl,0,hi,0,2324,179.0,44.0,1.0077362346626622,0.21690750744896728,1.0,0.76851851851851849,0.89984521566499176,55.218613556970716,56.648036153074187,25.0,9.0848459826294139,8.0,52.543932712206313,53.903977639445841,-54.74948559055742,180.15199999999979,0.97258840761665599,0,0,0,0,0,178.37736660929431,44.404905335628229,1,1
35,2,file:///C:/Users/mb3ad/Desktop/Harrison/self/cntrl_hi-hi_0004.jpg,0,hi,cntrl,0,hi,0,2125,26.0,86.0,1.0105351188107368,0.45450343997327186,1.0,0.83529874213836475,0.8808488925464385,55.18045869354625,56.356011214421486,24.0,9.2952937436628496,8.5440037453175304,47.0,49.151716688654922,4.1105627928117272,174.11399999999986,0.97499426473961914,0,0,0,0,0,25.152941176470588,86.711529411764701,2,2
36,1,file:///C:/Users/mb3ad/Desktop/Harrison/self/cntrl_hi-hi_0005.jpg,0,hi,cntrl,0,hi,0,2279,170.0,27.0,1.1330016883650607,0.77947899747758109,1.0,0.73945489941596365,0.75974955062634886,68.657644935389087,66.370174024180471,20.591260281974002,7.9897854844393841,7.2111025509279782,44.880923534362537,43.009096043232333,88.36169715305715,194.15199999999976,0.94525093322272902,0,0,0,0,0,171.10311540149189,36.709960508995174,1,1
36,2,file:///C:/Users/mb3ad/Desktop/Harrison/self/cntrl_hi-hi_0005.jpg,0,hi,cntrl,0,hi,0,4459,46.0,122.0,1.105928647533835,0.74701075880239809,1.0,0.77954545454545454,0.80490811766946113,93.196113126851799,89.961102705558247,30.479501308256342,11.357388551996255,10.295630140987001,63.259899186012539,61.957889515987226,77.467201161249733,263.84599999999955,0.951760939167556,0,0,0,0,0,43.290423861852432,109.92442251625926,2,3
37,1,file:///C:/Users/mb3ad/Desktop/Harrison/self/cntrl_hi-none_0000.jpg,0,hi,cntrl,0,none,0,3766,98.0,70.0,1.0543819060003992,0.61435395675252058,1.0,0.70723004694835678,0.80911893028481618,78.849289769350605,78.03204469959762,27.459060435491963,10.62492369717817,9.667845391150621,61.315159226795231,62.214498823042931,-46.354681587604425,241.84599999999955,0.94397794209800723,0,0,0,0,0,105.15639936271907,65.429368029739777,1,1
38,1,file:///C:/Users/mb3ad/Desktop/Harrison/self/cntrl_hi-none_0001.jpg,0,hi,cntrl,0,none,0,2612,110.0,76.0,1.0315095740444473,0.59004241818412495,1.0,0.75382395382395384,0.87385552588352544,64.390606322001119,62.649820430708338,25.0,9.4161879428560162,8.4852813742385695,50.912899030316794,51.987188492649999,22.112440337437388,193.80799999999974,0.97263079501023963,0,0,0,0,0,107.00038284839204,73.76684532924962,1,1
39,1,file:///C:/Users/mb3ad/Desktop/Harrison/self/cntrl_hi-none_0002.jpg,0,hi,cntrl,0,none,0,2278,107.0,74.0,1.0075429244848411,0.43601303157174309,1.0,0.76752021563342321,0.90194941088087033,56.784340297038192,57.008771254956898,25.238858928247925,9.1087844083539551,8.0622577482985491,50.596442562694072,51.102519167926957,58.192616653022768,178.15199999999976,0.97205035203755064,0,0,0,0,0,105.93459174714663,73.084723441615452,1,1
40,1,file:///C:/Users/mb3ad/Desktop/Harrison/self/cntrl_hi-none_0003.jpg,0,hi,cntrl,0,none,0,2936,97.0,74.0,1.0116828685091592,0.50705194676189325,1.0,0.79244264507422402,0.8954872751641163,65.81386108755548,65.513357416636794,28.071337695236398,10.276996514015737,9.0,56.0,56.725986762663311,87.525798691782498,202.97999999999968,0.97492943715756253,0,0,0,0,0,96.962193460490468,72.963896457765671,1,1
41,1,file:///C:/Users/mb3ad/Desktop/Harrison/self/cntrl_hi-none_0004.jpg,0,hi,cntrl,0,none,0,3626,97.0,73.0,1.0296508502240667,0.4390080450782497,1.0,0.80937499999999996,0.83946072474786537,72.448389123035199,75.471849056452825,29.068883707497267,10.758951864571145,9.8488578017961039,63.0,65.093655481665209,15.017729095055062,232.97999999999962,0.96538871139510118,0,0,0,0,0,99.079977937120788,73.20573634859349,1,1
42,1,file:///C:/Users/mb3ad/Desktop/Harrison/self/cntrl_hi-none_0005.jpg,0,hi,cntrl,0,none,0,2299,112.0,71.0,1.0088210544696856,0.47359777392554769,1.0,0.79275862068965519,0.90083440249934521,57.62793201137265,57.55866572463264,25.0,9.1665497271010512,8.0622577482985491,49.0,50.75529684455239,83.490585808123228,179.08199999999977,0.97456549385332769,0,0,0,0,0,111.59069160504568,70.244019138755988,1,1
43,1,file:///C:/Users/mb3ad/Desktop/Harrison/self/cntrl_hp-hp_0000.jpg,0,hp,cntrl,0,hp,0,1747,173.0,49.0,1.0039491084999657,0.28055261116678043,1.0,0.79085559076505207,0.88855864400292583,48.190670890183647,48.877397639399746,22.203603311174518,7.9725899115312373,7.0710678118654755,44.752576500669498,46.255268447997629,-67.173474886753226,157.18399999999997,0.96652835408022131,0,0,0,0,0,173.11505437893533,48.043503148254153,1,1
43,2,file:///C:/Users/mb3ad/Desktop/Harrison/self/cntrl_hp-hp_0000.jpg,0,hp,cntrl,0,hp,0,2127,29.0,87.0,1.0322366128745779,0.57614564318863881,1.0,0.73344827586206895,0.86139470341126934,57.853369695218056,58.051701094799967,22.472205054244231,8.483175992686105,7.6157731058639087,46.482477232341786,47.28628097122985,16.839277718231504,176.15199999999979,0.96506352087114322,0,0,0,0,0,28.977433004231312,84.59097320169252,2,2
44,1,file:///C:/Users/mb3ad/Desktop/Harrison/self/cntrl_hp-hp_0001.jpg,0,hp,cntrl,0,hp,0,1855,161.0,33.0,1.0051764079681158,0.22406413537462014,1.0,0.74199999999999999,0.86147582443021153,49.320734839588852,49.929950931279713,22.847319317591726,8.2340302113445674,7.2111025509279782,47.376154339498683,48.066725617076884,-47.261223814987275,164.4959999999999,0.96388672382437002,0,0,0,0,0,160.37250673854447,33.251752021563341,1,1
44,2,file:///C:/Users/mb3ad/Desktop/Harrison/self/cntrl_hp-hp_0001.jpg,0,hp,cntrl,0,hp,0,1818,33.0,101.0,1.0064730292372897,0.38498179179580977,1.0,0.80585106382978722,0.8976972648122965,50.134952843562566,51.224993899462788,22.803508501982758,8.1511007762171079,7.0710678118654755,45.579908840273475,46.270759643775747,44.170728284201154,159.52799999999996,0.97245252741374699,0,0,0,0,0,33.425192519251922,101.47634763476347,2,2
45,1,file:///C:/Users/mb3ad/Desktop/Harrison/self/cntrl_hp-hp_0002.jpg,0,hp,cntrl,0,hp,0,3550,174.0,55.0,1.0806800713580134,0.67700949719993242,1.0,0.69133398247322297,0.69551261579759227,79.512670744883081,78.313472659562223,24.758836806279895,9.5859340848293257,8.5440037453175304,60.876441884119579,58.519280595837266,8.7610975704237966,253.25999999999948,0.90480438384095829,0,0,0,0,0,164.78676056338028,53.296619718309856,1,1
45,2,file:///C:/Users/mb3ad/Desktop/Harrison/self/cntrl_hp-hp_0002.jpg,0,hp,cntrl,0,hp,0,1732,29.0,100.0,1.0616427165295519,0.60472531160455034,1.0,0.70867430441898527,0.73472591077120675,53.496797661249914,56.603886792339623,19.697715603592208,7.1486412222519276,6.324555320336759,43.285654918926561,42.606674632458301,-57.000519482343016,172.11399999999986,0.92201224381155189,0,0,0,0,0,27.990184757505773,99.045034642032334,2,2
46,1,file:///C:/Users/mb3ad/Desktop/Harrison/self/cntrl_hp-hp_0003.jpg,0,hp,cntrl,0,hp,0,1619,163.0,32.0,1.0143440730108684,0.48432724402932409,1.0,0.84016606123508042,0.8987235947940736,48.649201994187386,48.548944375753422,20.615528128088304,7.6515927922436333,7.0,40.0,42.562550434873557,84.704066242278884,150.458,0.97324917342951622,0,0,0,0,0,163.97282273008031,32.410747374922792,1,1
46,2,file:///C:/Users/mb3ad/Desktop/Harrison/self/cntrl_hp-hp_0003.jpg,0,hp,cntrl,0,hp,0,1742,38.0,105.0,1.0040925401616407,0.25054968781870496,1.0,0.75640468953538864,0.85941538752737989,47.926900829776677,48.383881613611777,21.95449840010015,7.9832673696263496,7.0710678118654755,45.553306944555693,46.398212002589503,-62.606226896243037,159.59799999999996,0.9661674986134221,0,0,0,0,0,38.843857634902413,104.33295063145809,2,2
47,1,file:///C:/Users/mb3ad/Desktop/Harrison/self/cntrl_hp-hp_0004.jpg,0,hp,cntrl,0,hp,0,2663,178.0,37.0,1.0612078535386769,0.54265569626964916,0.0,0.65030525030525033,0.69851672168753354,64.897227646391855,66.760766921898067,24.041630560342615,8.6515262735509637,7.6157731058639087,51.604096335665929,54.510766040711403,-32.464434067642657,218.87799999999964,0.91229873244261739,0,0,0,0,0,173.06533984228315,40.325197146075851,1,1
47,2,file:///C:/Users/mb3ad/Desktop/Harrison/self/cntrl_hp-hp_0004.jpg,0,hp,cntrl,0,hp,0,2943,29.0,109.0,1.1036799385848926,0.62229585962151579,1.0,0.66583710407239816,0.60038739814764341,71.540899804079558,73.061617830431317,20.615528128088304,8.0844412518722617,7.2801098892805181,58.366035651284889,56.000937933065394,-43.572946016208562,248.18999999999957,0.88925819610213008,0,0,0,0,0,33.33435270132518,105.77302072714917,2,2
48,1,file:///C:/Users/mb3ad/Desktop/Harrison/self/cntrl_hp-hp_0005.jpg,0,hp,cntrl,0,hp,0,1487,168.0,29.0,1.0678492822715933,0.66682459100036051,1.0,0.77812663526949244,0.8216874045067748,50.967028836971274,50.119856344566671,18.027756377319946,6.9147906623983646,6.0827625302982193,37.095439520752713,37.981379642921183,11.561299446694262,150.80199999999999,0.95596271295403412,0,0,0,0,0,170.69401479488903,28.051109616677874,1,1
48,2,file:///C:/Users/mb3ad/Desktop/Harrison/self/cntrl_hp-hp_0005.jpg,0,hp,cntrl,0,hp,0,1787,37.0,123.0,1.0277550230418551,0.57469372453543321,1.0,0.79919499105545622,0.84329449960544067,52.89535579440291,52.839379254491625,20.615528128088304,7.7344273360857381,7.0,42.0,43.287896894911533,82.973430840129652,163.18399999999991,0.95433911882510025,0,0,0,0,0,36.856183547845554,118.49244543928371,2,2
49,1,file:///C:/Users/mb3ad/Desktop/Harrison/self/cntrl_hp-none_0000.jpg,0,hp,cntrl,0,none,0,2700,97.0,61.0,1.0431586901214702,0.62788311326315782,1.0,0.81129807692307687,0.83769242138666489,66.770430069262474,67.53517601961218,24.083189157584592,9.3922909775705996,8.4852813742385695,49.921738751770256,51.967936432213563,74.525801627118582,201.25399999999973,0.96394144948232785,0,0,0,0,0,98.504074074074069,68.500740740740738,1,1
50,1,file:///C:/Users/mb3ad/Desktop/Harrison/self/cntrl_hp-none_0001.jpg,0,hp,cntrl,0,none,0,2243,96.0,59.0,1.0053981192418746,0.39112950623052539,1.0,0.76920438957475989,0.90837250575997952,55.718786048218988,55.470712993434653,25.0,9.0713822682732363,8.0,50.204581464244875,51.279985195935105,49.110478244445488,176.15199999999982,0.97331308309828601,0,0,0,0,0,96.343290236290684,57.676326348640217,1,1
51,1,file:///C:/Users/mb3ad/Desktop/Harrison/self/cntrl_hp-none_0002.jpg,0,hp,cntrl,0,none,0,1981,109.0,77.0,1.0031785431986797,0.36567338365955149,1.0,0.79366987179487181,0.90967613705461048,52.041106534623552,51.788029504896208,24.0,8.5682584076470132,7.6157731058639087,47.0,48.436908044284912,-88.501358026354524,165.42599999999987,0.97298624754420449,0,0,0,0,0,108.75012619888945,75.634528016153453,1,1
52,1,file:///C:/Users/mb3ad/Desktop/Harrison/self/cntrl_hp-none_0003.jpg,0,hp,cntrl,0,none,0,1978,109.0,77.0,1.0032904193181547,0.36862707188403682,1.0,0.79246794871794868,0.89927380954572544,52.034897626610409,51.86520991955976,23.853720883753127,8.5497801979610379,7.6157731058639087,47.0,48.370463145647079,-87.47001611445593,166.25399999999988,0.97127424502823467,0,0,0,0,0,108.71688574317493,75.605156723963603,1,1
53,1,file:///C:/Users/mb3ad/Desktop/Harrison/self/cntrl_hp-none_0004.jpg,0,hp,cntrl,0,none,0,1910,112.0,85.0,1.0042044643642003,0.34175896371486081,1.0,0.7795918367346939,0.88591921943016039,50.897701316590542,51.400389103585589,23.194827009486403,8.3477635775330352,7.2801098892805181,46.801709370492013,47.833030667377798,56.919058554869594,164.5979999999999,0.96806893056259502,0,0,0,0,0,111.27591623036649,84.987958115183247,1,1
54,1,file:///C:/Users/mb3ad/Desktop/Harrison/self/cntrl_hp-none_0005.jpg,0,hp,cntrl,0,none,0,4075,90.0,67.0,1.1472003159310464,0.69920396382867356,1.0,0.63080495356037147,0.63234362535081257,88.643385410893757,85.702975444263316,23.706539182259394,9.3048188652645525,8.6023252670426267,66.607998269922604,63.37312813772035,56.830391752574556,284.57199999999943,0.89916151809355671,0,0,0,0,0,92.278036809815944,75.928588957055211,1,1
55,1,file:///C:/Users/mb3ad/Desktop/Harrison/self/cntrl_p1-none_0000.jpg,0,p1,cntrl,0,none,0,5899,98.0,71.0,1.0027716756910647,0.35592667499120184,1.0,0.78863636363636369,0.90854016127964721,89.54548751661396,89.693923985964616,41.725292090050132,14.588626209866277,13.0,83.438600180012614,83.681501460352479,58.588752588351113,285.64199999999943,0.98259348713250572,0,0,0,0,0,98.478047126631637,71.281912188506524,1,1
56,1,file:///C:/Users/mb3ad/Desktop/Harrison/self/cntrl_p1-none_0001.jpg,0,p1,cntrl,0,none,0,7453,101.0,77.0,1.0028146902460284,0.12759874228946788,1.0,0.79211393346795622,0.89796549599251629,97.800849065667123,99.569071503153026,46.065171225124082,16.283832290583753,14.317821063276353,95.605950325053314,97.001412436358706,13.332219730093636,322.95399999999933,0.9816912539515279,0,0,0,0,0,101.75392459412318,76.979203005501134,1,1
57,1,file:///C:/Users/mb3ad/Desktop/Harrison/self/cntrl_p1-none_0002.jpg,0,p1,cntrl,0,none,0,8451,110.0,75.0,1.0066408261611741,0.40483117311554195,1.0,0.75970873786407767,0.86237622330773589,108.44800604383769,108.81176406988355,48.507731342539614,17.175252055973523,15.231546211727817,97.938082095415268,99.163929344270798,31.746330294596032,350.92199999999917,0.97999652113411051,0,0,0,0,0,112.00863803100225,76.553070642527516,1,1
58,1,file:///C:/Users/mb3ad/Desktop/Harrison/self/cntrl_p1-none_0003.jpg,0,p1,cntrl,0,none,0,8770,106.0,74.0,1.005556935140675,0.36342021853520878,1.0,0.76022884882108188,0.8713020098871056,109.4702731805352,112.17842929904127,49.193495504995376,17.465736860494999,15.524174696260024,98.984246630870913,101.98527874613646,5.5026649497200832,355.64799999999912,0.97994301357617741,0,0,0,0,0,106.67582668187001,74.683352337514251,1,1
59,1,file:///C:/Users/mb3ad/Desktop/Harrison/self/cntrl_p1-none_0004.jpg,0,p1,cntrl,0,none,0,5014,99.0,77.0,1.0040661858078459,0.36569694191661251,1.0,0.77376543209876547,0.88165524779942817,82.772396577696426,83.52843827104634,38.275318418009277,13.418442732395086,12.0,76.993664611082792,77.039082329729581,-41.72421892614954,267.32999999999947,0.97815060476004678,0,0,0,0,0,99.258476266453926,76.210410849621056,1,1
60,1,file:///C:/Users/mb3ad/Desktop/Harrison/self/cntrl_p1-none_0005.jpg,0,p1,cntrl,0,none,0,6576,96.0,76.0,1.0087436487343049,0.46186491903253774,1.0,0.78660287081339708,0.8934383056405949,97.091185789865179,97.082439194738001,42.43819034784589,15.23016174334423,13.416407864998739,85.697724590563084,86.11505427817778,20.410382857781538,304.12599999999935,0.980248937914586,0,0,0,0,0,100.30930656934306,77.150699513381994,1,1
61,1,file:///C:/Users/mb3ad/Desktop/Harrison/self/cntrl_p1-p1_0000.jpg,0,p1,cntrl,0,p1,0,10537,154.0,48.0,1.0687282219011283,0.63441124458009235,1.0,0.87241265110117572,0.80693945934310307,133.75009591060763,143.96180048887967,49.040799340956916,20.007020667752094,18.973665961010276,98.0,103.38825078978219,76.162284283009214,405.08199999999943,0.99087831483919542,0,0,0,0,0,159.17120622568095,57.050298946569235,1,1
62,1,file:///C:/Users/mb3ad/Desktop/Harrison/self/cntrl_p1-p1_0001.jpg,0,p1,cntrl,0,p1,0,6490,162.0,41.0,1.0230064380056425,0.37292770223157939,1.0,0.878570461621768,0.84858929927791726,95.176423293107931,102.00490184299969,41.194659848091959,16.919454996838951,16.0,82.0,88.310434547360884,85.790580782343994,310.01199999999943,0.98737258481667423,0,0,0,0,0,164.89044684129431,41.633127889060091,1,1
62,2,file:///C:/Users/mb3ad/Desktop/Harrison/self/cntrl_p1-p1_0001.jpg,0,p1,cntrl,0,p1,0,8758,34.0,107.0,1.0391229365879513,0.48685772181585601,1.0,0.85888006276355788,0.83262276475390884,114.46683875744539,122.42957159118053,55.461698495448189,24.431285421723576,24.166091947189145,98.0,99.984641634650089,60.159901985387393,363.56599999999963,0.99078002149442823,0,0,0,0,0,44.249372002740351,106.01221740123316,2,2
63,1,file:///C:/Users/mb3ad/Desktop/Harrison/self/cntrl_p1-p1_0002.jpg,0,p1,cntrl,0,p1,0,9783,149.0,25.0,1.0718004332772784,0.60297272613464803,1.0,0.84745322245322241,0.79091479756663785,127.52156258036915,142.86357128393507,55.0,22.049187609728925,20.0,103.0,101.73183146265808,36.390702194835022,394.25399999999928,0.99350055854574981,0,0,0,0,0,154.04671368700807,45.946744352448121,1,1
63,2,file:///C:/Users/mb3ad/Desktop/Harrison/self/cntrl_p1-p1_0002.jpg,0,p1,cntrl,0,p1,0,10520,16.0,153.0,1.0511723648591995,0.56563146789628216,1.0,0.87295660111194096,0.81365218363477787,129.24450989985669,141.22676800097071,93.0,35.192244668634842,31.859049181941522,102.0,106.58253672055531,21.666119966042913,403.08199999999965,0.99221881631690634,0,0,0,0,0,53.531653992395434,106.6675855513308,2,2
64,1,file:///C:/Users/mb3ad/Desktop/Harrison/self/cntrl_p1-p1_0003.jpg,0,p1,cntrl,0,p1,0,7316,159.0,39.0,1.0235841825574139,0.37256628411446924,1.0,0.87449199139373657,0.84857564755678749,101.06686927822108,106.40488710580919,45.0,17.459539842791653,16.124515496597098,88.0,93.790619047911505,61.520022759710393,329.15199999999942,0.9879810938555027,0,0,0,0,0,162.18685073810826,43.864953526517219,1,1
64,2,file:///C:/Users/mb3ad/Desktop/Harrison/self/cntrl_p1-p1_0003.jpg,0,p1,cntrl,0,p1,0,6397,32.0,106.0,1.0203530043952407,0.44463076649076244,1.0,0.84016285789335432,0.83215042106210302,95.892620328767194,100.41912168506553,45.541190146942803,17.861241678407104,16.492422502470642,80.0,85.892357798256597,83.128974308630831,310.80799999999954,0.98151131568853089,0,0,0,0,0,37.255588557136157,106.00500234484915,2,2
65,1,file:///C:/Users/mb3ad/Desktop/Harrison/self/cntrl_p1-p1_0004.jpg,0,p1,cntrl,0,p1,0,7526,157.0,36.0,1.0274846162514728,0.39060390599000033,1.0,0.87015839981500753,0.86638270515366123,103.08255806735754,109.78615577567146,46.61544808322666,18.694061070080657,17.464249196572979,92.0,94.89356067910235,44.484776345558693,330.39399999999938,0.99111081846315896,0,0,0,0,0,160.43808131809726,42.508636726016476,1,1
65,2,file:///C:/Users/mb3ad/Desktop/Harrison/self/cntrl_p1-p1_0004.jpg,0,p1,cntrl,0,p1,0,7352,0.0,134.0,1.0353214943236115,0.49863491349964245,1.0,0.89050387596899228,0.84530788206058083,105.03984933455885,110.0,69.641941385920603,27.348442243230849,25.079872407968907,85.0,91.049812769074947,79.543129340689532,330.59799999999973,0.99203886115234108,0,0,0,0,0,38.823041349292708,107.26809031556039,2,2
66,1,file:///C:/Users/mb3ad/Desktop/Harrison/self/cntrl_p1-p1_0005.jpg,0,p1,cntrl,0,p1,0,7006,160.0,32.0,1.0504715474391337,0.53106401269133108,1.0,0.83743724599569691,0.81466710352057548,104.28644839344163,113.27841806805037,44.0,17.825816887194179,16.598131167170045,88.0,88.365213887209066,53.905555731916756,328.73799999999932,0.9902473498233213,0,0,0,0,0,163.87853268626893,41.806023408506995,1,1
66,2,file:///C:/Users/mb3ad/Desktop/Harrison/self/cntrl_p1-p1_0005.jpg,0,p1,cntrl,0,p1,0,7607,41.0,110.0,1.0229327356288933,0.45274655725955554,1.0,0.87036613272311214,0.85877119485508269,104.90426694453033,112.69871339105873,48.373546489791295,20.636529833075855,20.124611797498108,91.0,93.536762061938617,49.682918869566407,333.63599999999963,0.98772966305265208,0,0,0,0,0,42.634941501248846,108.48718285789404,2,2
67,1,file:///C:/Users/mb3ad/Desktop/Harrison/self/cntrl_p14-none_0000.jpg,0,p14,cntrl,0,none,0,5097,95.0,69.0,1.0080082492590292,0.43265084274913568,1.0,0.76762048192771082,0.89186739000163651,84.841080644679124,84.958813551037778,37.576588456111871,13.46423315208383,12.0,75.660425586960585,76.489457102741753,56.809236895621126,267.98599999999942,0.97896859694612504,0,0,0,0,0,93.432803609966641,66.178144006278202,1,1
68,1,file:///C:/Users/mb3ad/Desktop/Harrison/self/cntrl_p14-none_0001.jpg,0,p14,cntrl,0,none,0,4605,95.0,73.0,1.0040705971911561,0.36594878283272869,1.0,0.81924924390677811,0.90740210624061513,79.332837259375026,80.212218520621903,36.013886210738214,12.877349712065982,11.313708498984761,72.0,73.829914368573995,72.313400475869457,252.53399999999954,0.98083067092651777,0,0,0,0,0,95.318783930510321,74.410206297502711,1,1
69,1,file:///C:/Users/mb3ad/Desktop/Harrison/self/cntrl_p14-none_0002.jpg,0,p14,cntrl,0,none,0,5402,96.0,81.0,1.0124133528216561,0.49697908062482793,1.0,0.78826791186341749,0.89279613468632935,89.010431078384968,88.362888137498089,38.587562763149478,13.811649035578778,12.083045973594572,76.0,77.239916097059876,87.135886922542085,275.74399999999946,0.98048824757237496,0,0,0,0,0,96.052943354313214,76.664568678267315,1,1
70,1,file:///C:/Users/mb3ad/Desktop/Harrison/self/cntrl_p14-none_0003.jpg,0,p14,cntrl,0,none,0,8800,97.0,65.0,1.0237997027711503,0.58207038431116265,1.0,0.7407407407407407,0.86585791226420483,117.32905865625989,115.80155439371269,46.010868281309364,17.281124290393745,15.297058540778355,93.594959230946955,95.404763761775044,41.063647779355229,357.37399999999894,0.98110262556441252,0,0,0,0,0,99.299204545454543,68.997727272727275,1,1
71,1,file:///C:/Users/mb3ad/Desktop/Harrison/self/cntrl_p14-none_0004.jpg,0,p14,cntrl,0,none,0,4920,97.0,66.0,1.0027746037922547,0.36145876225651125,1.0,0.77922077922077926,0.90244656593511507,81.87350401679619,81.541400527584756,38.013155617496423,13.352318481847361,11.704699910719626,75.579097639492886,76.337880594436342,18.59649944911984,261.74399999999946,0.97988448516231808,0,0,0,0,0,98.211178861788625,66.002032520325201,1,1
72,1,file:///C:/Users/mb3ad/Desktop/Harrison/self/cntrl_p14-none_0005.jpg,0,p14,cntrl,0,none,0,4378,106.0,66.0,1.006110919547037,0.43680800979327472,1.0,0.77886497064579252,0.89986610035873793,78.641504627618431,78.924014089502563,35.355339059327378,12.566343523811092,11.180339887498949,70.710678118654755,70.742339661430492,56.795572359796523,247.25999999999945,0.97887087758524316,0,0,0,0,0,106.27546825034263,66.524211968935589,1,1
73,1,file:///C:/Users/mb3ad/Desktop/Harrison/self/cntrl_p14-p14_0000.jpg,0,p14,cntrl,0,p14,0,4797,167.0,42.0,1.0047847545786652,0.32376366252115751,1.0,0.79870129870129869,0.8985033303158011,80.37239293751351,82.855295545909442,37.0,13.065097621759447,11.401754250991379,76.0,76.043374080687116,38.325637129629236,259.01799999999946,0.9813829787234043,0,0,0,0,0,166.38148843026892,42.77089847821555,1,1
73,2,file:///C:/Users/mb3ad/Desktop/Harrison/self/cntrl_p14-p14_0000.jpg,0,p14,cntrl,0,p14,0,4478,37.0,99.0,1.0018360250917506,0.32490539684774489,1.0,0.78561403508771932,0.90146558531218912,77.558609492374586,77.420927403383644,36.069377593742864,12.874241365986322,11.313708498984761,72.596910921952016,73.350785146755044,-37.079983254772358,249.84599999999949,0.97965434259461825,0,0,0,0,0,37.11433675748102,99.343680214381422,2,2
74,1,file:///C:/Users/mb3ad/Desktop/Harrison/self/cntrl_p14-p14_0001.jpg,0,p14,cntrl,0,p14,0,4610,167.0,31.0,1.0179609454763041,0.40644467227476905,1.0,0.88944626664094151,0.86169317584005234,80.600643150399534,87.458561616344909,36.055512754639892,13.344650347302462,12.083045973594572,70.0,73.642824509644157,40.322475320933876,259.28599999999972,0.98609625668449241,0,0,0,0,0,169.06160520607375,34.929284164859006,1,1
74,2,file:///C:/Users/mb3ad/Desktop/Harrison/self/cntrl_p14-p14_0001.jpg,0,p14,cntrl,0,p14,0,7526,32.0,103.0,1.0301697401667329,0.53228299425362313,1.0,0.84391119084996635,0.85651368566191433,107.07550055097741,112.44554237496477,47.127486671792717,19.942473117279967,19.235384061671343,90.0,90.646530162875749,60.529590561154734,332.29199999999958,0.98379084967320263,0,0,0,0,0,41.23478607494021,106.82859420674994,2,2
75,1,file:///C:/Users/mb3ad/Desktop/Harrison/self/cntrl_p14-p14_0002.jpg,0,p14,cntrl,0,p14,0,4397,31.0,44.0,1.0078622188320345,0.41292355939997555,1.0,0.8275926971579145,0.89379579876134885,78.441510800622083,77.833154889160184,37.336309405188942,13.949984804449874,13.0,68.0,71.441836364948756,-85.173498290499026,248.63599999999957,0.98191156766413579,0,0,0,0,0,32.494655446895614,43.255628837843986,1,1
75,2,file:///C:/Users/mb3ad/Desktop/Harrison/self/cntrl_p14-p14_0002.jpg,0,p14,cntrl,0,p14,0,5760,164.0,102.0,1.0193288128686451,0.40131817445210344,1.0,0.81736909323116225,0.85305146403708865,90.041928775156904,95.015788161757627,39.293765408776999,13.845633593262116,12.165525060596439,80.0,82.472888205112866,54.79789119570917,291.29199999999958,0.98059244126659861,0,0,0,0,0,165.9814236111111,104.61822916666667,2,2
76,1,file:///C:/Users/mb3ad/Desktop/Harrison/self/cntrl_p14-p14_0003.jpg,0,p14,cntrl,0,p14,0,8118,160.0,10.0,1.0699060537912528,0.51513028042215769,1.0,0.90310379352541992,0.47309195726696873,112.73726884396318,124.73972903610141,40.80441152620633,15.687407195017785,14.035668847618199,88.0,96.628453717815049,78.003840947731291,464.36199999999906,0.96230440967283093,0,0,0,0,0,159.77137225917713,47.380266075388029,1,1
76,2,file:///C:/Users/mb3ad/Desktop/Harrison/self/cntrl_p14-p14_0003.jpg,0,p14,cntrl,0,p14,0,9101,0.0,115.0,1.0513617388090188,0.52669031142434897,1.0,0.83772091310751107,0.81997665780211426,118.73672447248055,125.19584657647394,71.0,28.325581818108617,26.40075756488817,96.0,100.9330126112585,82.303241936641399,373.46399999999949,0.99096254355400692,0,0,0,0,0,41.592352488737504,99.372376661905278,2,3
77,1,file:///C:/Users/mb3ad/Desktop/Harrison/self/cntrl_p14-p14_0004.jpg,0,p14,cntrl,0,p14,0,6467,162.0,39.0,1.0245277281504865,0.52707447186516332,1.0,0.84602302459445322,0.85773457926813901,98.833464405345012,103.60019305001319,41.340053217188775,16.752059939460356,15.652475842498529,83.0,83.990565676818747,-30.21584290654538,307.80799999999942,0.98439759494634294,0,0,0,0,0,160.39755682696767,39.896397092933356,1,1
77,2,file:///C:/Users/mb3ad/Desktop/Harrison/self/cntrl_p14-p14_0004.jpg,0,p14,cntrl,0,p14,0,5309,20.0,111.0,1.06289734952865,0.63484696450671896,1.0,0.82463497980739364,0.8276776156411918,94.726267150931548,98.081598681913832,41.400483088968905,16.702961654042657,15.297058540778355,73.0,73.189104564032647,-64.752756826275927,283.90999999999951,0.98533778767631786,0,0,0,0,0,32.371067997739686,107.0785458655114,2,2
78,1,file:///C:/Users/mb3ad/Desktop/Harrison/self/cntrl_p14-p14_0005.jpg,0,p14,cntrl,0,p14,0,5902,40.0,68.0,1.0042250708943909,0.24449480326214371,1.0,0.80738714090287278,0.87926571292311129,88.074089217008989,91.263355187062899,41.677331968349414,15.833532974304417,14.7648230602334,83.786553387148047,85.401093685228702,26.630803064264999,290.4319999999995,0.98121363258520378,0,0,0,0,0,40.115554049474753,67.833107421213143,1,1
78,2,file:///C:/Users/mb3ad/Desktop/Harrison/self/cntrl_p14-p14_0005.jpg,0,p14,cntrl,0,p14,0,6393,163.0,88.0,1.0339469814766107,0.51137236642306805,1.0,0.82066752246469832,0.84525949518757904,98.253188187150059,101.82828683622247,40.80441152620633,14.428249085032778,13.0,81.0,84.434785098673714,-69.609668256782896,308.29199999999946,0.98293357933579317,0,0,0,0,0,166.49882684185829,85.922727983732202,2,2
79,1,file:///C:/Users/mb3ad/Desktop/Harrison/self/cntrl_s-none_0000.jpg,0,s,cntrl,0,none,0,6121,99.0,74.0,1.0073385056458006,0.42995934623095666,1.0,0.80869335447218915,0.90370852110845112,92.873831155921636,95.210293561148106,41.617304093369626,14.707051346881757,13.0,83.200000000000003,83.850975830167883,47.482017662968261,291.7439999999994,0.98266174345801904,0,0,0,0,0,98.053095899362845,74.299787616402554,1,1
80,1,file:///C:/Users/mb3ad/Desktop/Harrison/self/cntrl_s-none_0001.jpg,0,s,cntrl,0,none,0,5810,102.0,80.0,1.0199065097656055,0.56044920543522758,1.0,0.80964325529542924,0.89419401052469005,94.47340351032382,93.621578709184348,38.832975677895199,14.166290162247259,12.649110640673518,77.0,78.241814666969546,77.881471236580296,285.74399999999946,0.98108747044917255,0,0,0,0,0,100.5275387263339,73.54853700516351,1,1
81,1,file:///C:/Users/mb3ad/Desktop/Harrison/self/cntrl_s-none_0002.jpg,0,s,cntrl,0,none,0,4400,90.0,68.0,1.0015443760031622,0.22585001415539629,1.0,0.77192982456140347,0.89836127850524627,75.786381994315278,75.802374632988901,35.902646142032481,12.596698330436404,11.180339887498949,73.3430296619931,73.828220024781402,28.397847041128447,248.08799999999945,0.97756054210175536,0,0,0,0,0,90.021818181818176,68.738181818181815,1,1
82,1,file:///C:/Users/mb3ad/Desktop/Harrison/self/cntrl_s-none_0003.jpg,0,s,cntrl,0,none,0,5971,98.0,77.0,1.0038224311468174,0.37606912035733581,1.0,0.78929279576999334,0.89228352087563445,90.49365135273321,91.60785992479029,41.725292090050132,14.587087889789174,13.0,83.73611947611397,83.850658345438646,25.162035771531976,289.98599999999942,0.98029880151042548,0,0,0,0,0,98.044046223413162,76.699045386032495,1,1
83,1,file:///C:/Users/mb3ad/Desktop/Harrison/self/cntrl_s-none_0004.jpg,0,s,cntrl,0,none,0,5144,101.0,72.0,1.0017056027407882,0.25300494576685079,1.0,0.79407224451991354,0.90732234832096958,82.217143186794388,82.565125809872058,39.0,13.637624512068019,12.041594578792296,78.0,79.542207209152608,15.169208972296758,266.91599999999954,0.98149208166380442,0,0,0,0,0,100.73036547433904,71.984836702954894,1,1
84,1,file:///C:/Users/mb3ad/Desktop/Harrison/self/cntrl_s-none_0005.jpg,0,s,cntrl,0,none,0,8189,91.0,78.0,1.0194180909891115,0.48053426278570577,1.0,0.80402552773686797,0.85486382101602043,109.44606099529685,111.28791488746656,44.384682042344295,16.353425399899763,14.560219778561036,96.0,95.981563652727914,-68.703705314395393,346.95399999999921,0.97586843830066095,0,0,0,0,0,93.445597753083405,73.166809134204414,1,1
85,1,file:///C:/Users/mb3ad/Desktop/Harrison/self/cntrl_s-s_0002.jpg,0,s,cntrl,0,s,0,5757,165.0,56.0,1.0181564806917653,0.46417762135410501,1.0,0.81880244630920207,0.88690585560420965,91.32778845686407,91.4166286842826,39.0,13.994688174308475,12.369316876852981,78.0,80.892870648107845,-72.196473275293798,285.60399999999959,0.98175306957708075,0,0,0,0,0,166.86468646864685,53.681431301024837,1,1
85,2,file:///C:/Users/mb3ad/Desktop/Harrison/self/cntrl_s-s_0002.jpg,0,s,cntrl,0,s,0,5558,30.0,107.0,1.0360767557354018,0.61389192370013357,1.0,0.86023835319609965,0.87645831418716347,94.916149197755701,94.936821096980069,38.948684188300895,15.09419208759615,14.0,70.0,74.92586706622194,-83.776391102201998,282.29199999999946,0.98267326732673266,0,0,0,0,0,33.995142137459517,106.7605253688377,2,2
86,1,file:///C:/Users/mb3ad/Desktop/Harrison/self/cntrl_s-s_0003.jpg,0,s,cntrl,0,s,0,5226,173.0,32.0,1.0368304448616488,0.52303034223553346,1.0,0.87449799196787148,0.84757491620223124,89.277493800934465,94.260277954183863,40.01249804748511,16.417020363705877,16.031219541881399,71.0,76.092463429498011,74.170539147991335,278.3559999999996,0.98659618652067205,0,0,0,0,0,170.99559892843476,38.130884041331804,1,1
86,2,file:///C:/Users/mb3ad/Desktop/Harrison/self/cntrl_s-s_0003.jpg,0,s,cntrl,0,s,0,6743,41.0,107.0,1.0270232076880101,0.46949492970645695,1.0,0.84308577144286068,0.84960443171134359,99.398764600548105,104.80935072788114,40.162171256046406,15.909191054721537,14.866068747318506,85.0,87.762664926572512,81.433012693126855,315.80799999999959,0.97980238302818945,0,0,0,0,0,39.025063028325668,108.44653714963665,2,0
87,1,file:///C:/Users/mb3ad/Desktop/Harrison/self/cntrl_s-s_0004.jpg,0,s,cntrl,0,s,0,5426,168.0,59.0,1.0514956442333434,0.63621221785564197,1.0,0.80171394799054374,0.83733139140603918,95.300553135962389,93.536089291780854,35.468295701936398,13.108448011975492,12.0,71.0,73.525720936293041,-82.086348177856706,285.36199999999951,0.97977609245214836,0,0,0,0,0,171.18356063398451,52.170475488389236,1,1
87,2,file:///C:/Users/mb3ad/Desktop/Harrison/self/cntrl_s-s_0004.jpg,0,s,cntrl,0,s,0,5853,38.0,106.0,1.0089271427226356,0.43400767242053462,1.0,0.83139204545454548,0.90169532271173247,90.979299543240955,91.021975368588869,40.162171256046406,15.206279120860732,14.0,79.0,81.964085626975191,76.144334967448671,285.60399999999947,0.98155290960925712,0,0,0,0,0,39.301213053135143,109.49376388177004,2,2
88,1,file:///C:/Users/mb3ad/Desktop/Harrison/self/cntrl_s-s_0005.jpg,0,s,cntrl,0,s,0,4944,168.0,38.0,1.0133433249306201,0.48560013469565133,1.0,0.82592716338122285,0.89176736499693487,84.926634025851172,86.406018308911797,35.510561809129406,13.352947499684113,12.041594578792296,72.0,74.241254154476053,70.055770916462876,263.94799999999952,0.9777514090774253,0,0,0,0,0,167.81472491909386,40.215008090614887,1,1
88,2,file:///C:/Users/mb3ad/Desktop/Harrison/self/cntrl_s-s_0005.jpg,0,s,cntrl,0,s,0,5178,37.0,111.0,1.039892649946949,0.63124479489337426,1.0,0.75437062937062938,0.85942428583200503,92.402985276597207,93.941471140279674,34.539832078341085,13.756803726400248,12.806248474865697,70.892534763178801,71.666245233448862,26.656099254440594,275.15799999999945,0.97321680293205526,0,0,0,0,0,41.91077636152955,115.48725376593279,2,2
89,1,file:///C:/Users/mb3ad/Desktop/Harrison/self/cntrl_standard-none_0000.jpg,0,standard,cntrl,0,none,0,5689,101.0,77.0,1.0384385074134284,0.12058489509492881,1.0,0.58637394351680061,0.76592027336207813,86.923552596676686,100.43903623591775,37.643060449437421,12.944685199615876,11.401754250991379,76.466057806618096,86.289273047415804,-10.576473884235476,305.51399999999899,0.96768157849974468,0,0,0,0,0,100.64633503251889,77.453330989629109,1,1
90,1,file:///C:/Users/mb3ad/Desktop/Harrison/self/cntrl_standard-none_0001.jpg,0,standard,cntrl,0,none,0,5755,95.0,79.0,1.0383720038112372,0.13332916558513672,1.0,0.71049382716049381,0.75162221285537001,87.494294278089484,101.35580891098448,37.643060449437421,12.998104371061411,11.401754250991379,77.576808317007732,86.713128640222536,62.170378623378056,310.18999999999943,0.96189202741099755,0,0,0,0,0,95.536403127715033,78.5136403127715,1,1
91,1,file:///C:/Users/mb3ad/Desktop/Harrison/self/cntrl_standard-none_0002.jpg,0,standard,cntrl,0,none,0,5893,97.0,74.0,1.0343104720488383,0.093540483653515472,1.0,0.60126517702275273,0.77422127178737266,88.16231508401026,100.66280345788111,38.275318418009277,13.242914275795924,11.661903789690601,78.672662373139815,87.775765380297884,74.636299454167329,309.27199999999903,0.96535342779916467,0,0,0,0,0,96.743424401832684,74.657729509587639,1,1
92,1,file:///C:/Users/mb3ad/Desktop/Harrison/self/cntrl_standard-none_0003.jpg,0,standard,cntrl,0,none,0,5784,104.0,75.0,1.0405594020943474,0.10806346434840658,1.0,0.57267326732673263,0.74585742852313974,87.671690952810863,102.18121158021175,37.643060449437421,12.951127422516713,11.401754250991379,77.038557270748399,87.158285307343888,8.6171535761802271,312.16999999999899,0.95674468613017949,0,0,0,0,0,104.39315352697095,75.39107883817428,1,1
93,1,file:///C:/Users/mb3ad/Desktop/Harrison/self/cntrl_standard-none_0004.jpg,0,standard,cntrl,0,none,0,5878,102.0,75.0,1.0415226604347059,0.092470080949019429,1.0,0.5487303958177745,0.67800454079265327,88.351863664694093,103.12128781197411,38.183766184073569,13.033900458616834,11.313708498984761,79.755665061196865,87.973316874489925,-17.019868074994335,330.0679999999989,0.92334275840402136,0,0,0,0,0,101.82170806396734,75.795678802313716,1,1
94,1,file:///C:/Users/mb3ad/Desktop/Harrison/self/cntrl_standard-none_0005.jpg,0,standard,cntrl,0,none,0,5743,102.0,69.0,1.0400203923449187,0.12885114757666419,1.0,0.58602040816326528,0.75738171153784839,87.446506190232455,101.6366075781753,37.735924528226413,12.978505296680064,11.401754250991379,76.675767299310394,86.717547391279766,-89.534877393867021,308.68599999999901,0.96789416027639674,0,0,0,0,0,102.07313250914156,69.205641650705203,1,1
